<?xml version='1.0' encoding='UTF-8' standalone='yes'?>
<WORKSPACE>
 <FRAME activewindow="0">
  <PLACEMENT>2c0000000200000003000000fffffffffffffffffffffffffffffffff500000021000000110700000f040000</PLACEMENT>
  <WINDOW type="default" module="ISIS">
   <editor metric="0" gridmajor="2540000" mode="00000000" zoom="-1" scale="162" flipped="0" gridminor="254000" gridmode="32" snapidx="2" snap="254000" xcursor="0" orgmode="0" snaprange="127000">
    <world y1="-8890000" x1="-12700000" y2="8890000" x2="12700000"/>
    <centre x="14753951" y="2060222"/>
    <origin x="0" y="0"/>
   </editor>
  </WINDOW>
  <WINDOW type="default" module="DXP"/>
 </FRAME>
 <MODULE name="ARES">
  <editor metric="1" gridmajor="0" mode="00000000" zoom="10" scale="10" flipped="0" gridminor="0" gridmode="32" snapidx="3" snap="0" xcursor="0" orgmode="0" snaprange="0">
   <world y1="-12700000" x1="-15240000" y2="12700000" x2="15240000"/>
   <centre x="0" y="0"/>
   <origin x="0" y="0"/>
  </editor>
 </MODULE>
 <MODULE name="ISIS">
  <editor metric="0" gridmajor="2540000" mode="00000000" zoom="-1" scale="162" flipped="0" gridminor="254000" gridmode="32" snapidx="2" snap="254000" xcursor="0" orgmode="0" snaprange="127000">
   <world y1="-8890000" x1="-12700000" y2="8890000" x2="12700000"/>
   <centre x="14753951" y="2060222"/>
   <origin x="0" y="0"/>
  </editor>
 </MODULE>
 <MODULE name="VSMDEBUG">
  <PWI>
   <POPUP w="800" x="48" flags="00000002" y="160" h="200" pid="0" iid="-1">
    <PROPERTIES>
     <ITEM name="Message Column Width">-142</ITEM>
     <ITEM name="ShowGrid">No</ITEM>
     <ITEM name="Source Column Width">100</ITEM>
     <ITEM name="Time Column Width">120</ITEM>
     <ITEM name="Version">100</ITEM>
    </PROPERTIES>
   </POPUP>
   <POPUP w="350" x="68" flags="00000032" y="180" h="200" pid="1" iid="-1">
    <PROPERTIES>
     <ITEM name="Address Column Width">100</ITEM>
     <ITEM name="AutoResize">No</ITEM>
     <ITEM name="Gridlines">Yes</ITEM>
     <ITEM name="Name Column Width">100</ITEM>
     <ITEM name="Previous Value Column Width">100</ITEM>
     <ITEM name="ShowAddresses">Yes</ITEM>
     <ITEM name="ShowPreviousValues">Yes</ITEM>
     <ITEM name="ShowTypes">Yes</ITEM>
     <ITEM name="ShowWatchPoint">Yes</ITEM>
     <ITEM name="TriggerMode">0</ITEM>
     <ITEM name="Type Column Width">100</ITEM>
     <ITEM name="Value Column Width">100</ITEM>
     <ITEM name="Version">100</ITEM>
     <ITEM name="Watch Expression Column Width">100</ITEM>
     <ITEM name="nItems">0</ITEM>
    </PROPERTIES>
   </POPUP>
   <POPUP w="30" x="88" flags="00000008" y="200" h="16" pid="3" iid="3">
    <PROPERTIES/>
   </POPUP>
   <POPUP w="8" x="108" flags="0000000a" y="220" h="1" pid="10" iid="3">
    <PROPERTIES>
     <ITEM name="DataType">2</ITEM>
     <ITEM name="DispChars">Yes</ITEM>
     <ITEM name="DispFormat">2</ITEM>
     <ITEM name="ShowChanges">Yes</ITEM>
     <ITEM name="ShowToolTips">Yes</ITEM>
     <ITEM name="TopLineAddress">00000000</ITEM>
    </PROPERTIES>
   </POPUP>
   <POPUP w="8" x="128" flags="0000000a" y="240" h="32" pid="6" iid="3">
    <PROPERTIES>
     <ITEM name="DataType">2</ITEM>
     <ITEM name="DispChars">Yes</ITEM>
     <ITEM name="DispFormat">2</ITEM>
     <ITEM name="ShowChanges">Yes</ITEM>
     <ITEM name="ShowToolTips">Yes</ITEM>
     <ITEM name="TopLineAddress">00000000</ITEM>
    </PROPERTIES>
   </POPUP>
   <POPUP w="16" x="148" flags="0000000a" y="260" h="32" pid="7" iid="3">
    <PROPERTIES>
     <ITEM name="DataType">2</ITEM>
     <ITEM name="DispChars">Yes</ITEM>
     <ITEM name="DispFormat">2</ITEM>
     <ITEM name="ShowChanges">Yes</ITEM>
     <ITEM name="ShowToolTips">Yes</ITEM>
     <ITEM name="TopLineAddress">00000000</ITEM>
    </PROPERTIES>
   </POPUP>
   <POPUP w="16" x="168" flags="00000000" y="280" h="32" pid="14" iid="3">
    <PROPERTIES>
     <ITEM name="DataType">2</ITEM>
     <ITEM name="DispChars">Yes</ITEM>
     <ITEM name="DispFormat">2</ITEM>
     <ITEM name="ShowChanges">Yes</ITEM>
     <ITEM name="ShowToolTips">Yes</ITEM>
     <ITEM name="TopLineAddress">00000000</ITEM>
    </PROPERTIES>
   </POPUP>
   <POPUP w="16" x="188" flags="0000000a" y="300" h="32" pid="4" iid="3">
    <PROPERTIES>
     <ITEM name="DataType">2</ITEM>
     <ITEM name="DispChars">Yes</ITEM>
     <ITEM name="DispFormat">2</ITEM>
     <ITEM name="ShowChanges">Yes</ITEM>
     <ITEM name="ShowToolTips">Yes</ITEM>
     <ITEM name="TopLineAddress">00000200</ITEM>
    </PROPERTIES>
   </POPUP>
   <POPUP w="16" x="208" flags="0000000a" y="320" h="8" pid="13" iid="3">
    <PROPERTIES>
     <ITEM name="DataType">2</ITEM>
     <ITEM name="DispChars">Yes</ITEM>
     <ITEM name="DispFormat">2</ITEM>
     <ITEM name="ShowChanges">Yes</ITEM>
     <ITEM name="ShowToolTips">Yes</ITEM>
     <ITEM name="TopLineAddress">00000020</ITEM>
    </PROPERTIES>
   </POPUP>
   <POPUP w="30" x="228" flags="00000008" y="340" h="16" pid="3" iid="4">
    <PROPERTIES/>
   </POPUP>
   <POPUP w="8" x="248" flags="0000000a" y="360" h="1" pid="10" iid="4">
    <PROPERTIES>
     <ITEM name="DataType">2</ITEM>
     <ITEM name="DispChars">Yes</ITEM>
     <ITEM name="DispFormat">2</ITEM>
     <ITEM name="ShowChanges">Yes</ITEM>
     <ITEM name="ShowToolTips">Yes</ITEM>
     <ITEM name="TopLineAddress">00000000</ITEM>
    </PROPERTIES>
   </POPUP>
   <POPUP w="8" x="268" flags="0000000a" y="380" h="32" pid="6" iid="4">
    <PROPERTIES>
     <ITEM name="DataType">2</ITEM>
     <ITEM name="DispChars">Yes</ITEM>
     <ITEM name="DispFormat">2</ITEM>
     <ITEM name="ShowChanges">Yes</ITEM>
     <ITEM name="ShowToolTips">Yes</ITEM>
     <ITEM name="TopLineAddress">00000000</ITEM>
    </PROPERTIES>
   </POPUP>
   <POPUP w="16" x="288" flags="0000000a" y="400" h="32" pid="7" iid="4">
    <PROPERTIES>
     <ITEM name="DataType">2</ITEM>
     <ITEM name="DispChars">Yes</ITEM>
     <ITEM name="DispFormat">2</ITEM>
     <ITEM name="ShowChanges">Yes</ITEM>
     <ITEM name="ShowToolTips">Yes</ITEM>
     <ITEM name="TopLineAddress">00000000</ITEM>
    </PROPERTIES>
   </POPUP>
   <POPUP w="16" x="308" flags="00000000" y="420" h="32" pid="14" iid="4">
    <PROPERTIES>
     <ITEM name="DataType">2</ITEM>
     <ITEM name="DispChars">Yes</ITEM>
     <ITEM name="DispFormat">2</ITEM>
     <ITEM name="ShowChanges">Yes</ITEM>
     <ITEM name="ShowToolTips">Yes</ITEM>
     <ITEM name="TopLineAddress">00000000</ITEM>
    </PROPERTIES>
   </POPUP>
   <POPUP w="16" x="328" flags="0000000a" y="440" h="32" pid="4" iid="4">
    <PROPERTIES>
     <ITEM name="DataType">2</ITEM>
     <ITEM name="DispChars">Yes</ITEM>
     <ITEM name="DispFormat">2</ITEM>
     <ITEM name="ShowChanges">Yes</ITEM>
     <ITEM name="ShowToolTips">Yes</ITEM>
     <ITEM name="TopLineAddress">00000100</ITEM>
    </PROPERTIES>
   </POPUP>
   <POPUP w="16" x="348" flags="0000000a" y="460" h="8" pid="13" iid="4">
    <PROPERTIES>
     <ITEM name="DataType">2</ITEM>
     <ITEM name="DispChars">Yes</ITEM>
     <ITEM name="DispFormat">2</ITEM>
     <ITEM name="ShowChanges">Yes</ITEM>
     <ITEM name="ShowToolTips">Yes</ITEM>
     <ITEM name="TopLineAddress">00000020</ITEM>
    </PROPERTIES>
   </POPUP>
   <POPUP w="725" x="600" flags="00000023" y="245" h="599" pid="0" iid="17">
    <PROPERTIES>
     <ITEM name="AutoEcho">1</ITEM>
     <ITEM name="HexMode">0</ITEM>
    </PROPERTIES>
   </POPUP>
   <POPUP w="30" x="388" flags="00000008" y="500" h="16" pid="3" iid="5">
    <PROPERTIES/>
   </POPUP>
   <POPUP w="8" x="408" flags="0000000a" y="520" h="1" pid="10" iid="5">
    <PROPERTIES>
     <ITEM name="DataType">2</ITEM>
     <ITEM name="DispChars">Yes</ITEM>
     <ITEM name="DispFormat">2</ITEM>
     <ITEM name="ShowChanges">Yes</ITEM>
     <ITEM name="ShowToolTips">Yes</ITEM>
     <ITEM name="TopLineAddress">00000000</ITEM>
    </PROPERTIES>
   </POPUP>
   <POPUP w="8" x="428" flags="0000000a" y="540" h="32" pid="6" iid="5">
    <PROPERTIES>
     <ITEM name="DataType">2</ITEM>
     <ITEM name="DispChars">Yes</ITEM>
     <ITEM name="DispFormat">2</ITEM>
     <ITEM name="ShowChanges">Yes</ITEM>
     <ITEM name="ShowToolTips">Yes</ITEM>
     <ITEM name="TopLineAddress">00000000</ITEM>
    </PROPERTIES>
   </POPUP>
   <POPUP w="16" x="448" flags="0000000a" y="560" h="32" pid="7" iid="5">
    <PROPERTIES>
     <ITEM name="DataType">2</ITEM>
     <ITEM name="DispChars">Yes</ITEM>
     <ITEM name="DispFormat">2</ITEM>
     <ITEM name="ShowChanges">Yes</ITEM>
     <ITEM name="ShowToolTips">Yes</ITEM>
     <ITEM name="TopLineAddress">00000000</ITEM>
    </PROPERTIES>
   </POPUP>
   <POPUP w="16" x="468" flags="00000000" y="580" h="32" pid="14" iid="5">
    <PROPERTIES>
     <ITEM name="DataType">2</ITEM>
     <ITEM name="DispChars">Yes</ITEM>
     <ITEM name="DispFormat">2</ITEM>
     <ITEM name="ShowChanges">Yes</ITEM>
     <ITEM name="ShowToolTips">Yes</ITEM>
     <ITEM name="TopLineAddress">00000000</ITEM>
    </PROPERTIES>
   </POPUP>
   <POPUP w="16" x="488" flags="0000000a" y="600" h="32" pid="4" iid="5">
    <PROPERTIES>
     <ITEM name="DataType">2</ITEM>
     <ITEM name="DispChars">Yes</ITEM>
     <ITEM name="DispFormat">2</ITEM>
     <ITEM name="ShowChanges">Yes</ITEM>
     <ITEM name="ShowToolTips">Yes</ITEM>
     <ITEM name="TopLineAddress">00000100</ITEM>
    </PROPERTIES>
   </POPUP>
   <POPUP w="16" x="508" flags="0000000a" y="620" h="8" pid="13" iid="5">
    <PROPERTIES>
     <ITEM name="DataType">2</ITEM>
     <ITEM name="DispChars">Yes</ITEM>
     <ITEM name="DispFormat">2</ITEM>
     <ITEM name="ShowChanges">Yes</ITEM>
     <ITEM name="ShowToolTips">Yes</ITEM>
     <ITEM name="TopLineAddress">00000020</ITEM>
    </PROPERTIES>
   </POPUP>
   <POPUP w="30" x="528" flags="00000008" y="640" h="16" pid="3" iid="21">
    <PROPERTIES/>
   </POPUP>
   <POPUP w="8" x="548" flags="0000000a" y="660" h="1" pid="10" iid="21">
    <PROPERTIES>
     <ITEM name="DataType">2</ITEM>
     <ITEM name="DispChars">Yes</ITEM>
     <ITEM name="DispFormat">2</ITEM>
     <ITEM name="ShowChanges">Yes</ITEM>
     <ITEM name="ShowToolTips">Yes</ITEM>
     <ITEM name="TopLineAddress">00000000</ITEM>
    </PROPERTIES>
   </POPUP>
   <POPUP w="8" x="568" flags="0000000a" y="680" h="32" pid="6" iid="21">
    <PROPERTIES>
     <ITEM name="DataType">2</ITEM>
     <ITEM name="DispChars">Yes</ITEM>
     <ITEM name="DispFormat">2</ITEM>
     <ITEM name="ShowChanges">Yes</ITEM>
     <ITEM name="ShowToolTips">Yes</ITEM>
     <ITEM name="TopLineAddress">00000000</ITEM>
    </PROPERTIES>
   </POPUP>
   <POPUP w="16" x="588" flags="0000000a" y="700" h="32" pid="7" iid="21">
    <PROPERTIES>
     <ITEM name="DataType">2</ITEM>
     <ITEM name="DispChars">Yes</ITEM>
     <ITEM name="DispFormat">2</ITEM>
     <ITEM name="ShowChanges">Yes</ITEM>
     <ITEM name="ShowToolTips">Yes</ITEM>
     <ITEM name="TopLineAddress">00000000</ITEM>
    </PROPERTIES>
   </POPUP>
   <POPUP w="16" x="608" flags="00000000" y="720" h="32" pid="14" iid="21">
    <PROPERTIES>
     <ITEM name="DataType">2</ITEM>
     <ITEM name="DispChars">Yes</ITEM>
     <ITEM name="DispFormat">2</ITEM>
     <ITEM name="ShowChanges">Yes</ITEM>
     <ITEM name="ShowToolTips">Yes</ITEM>
     <ITEM name="TopLineAddress">00000000</ITEM>
    </PROPERTIES>
   </POPUP>
   <POPUP w="16" x="628" flags="0000000a" y="740" h="32" pid="4" iid="21">
    <PROPERTIES>
     <ITEM name="DataType">2</ITEM>
     <ITEM name="DispChars">Yes</ITEM>
     <ITEM name="DispFormat">2</ITEM>
     <ITEM name="ShowChanges">Yes</ITEM>
     <ITEM name="ShowToolTips">Yes</ITEM>
     <ITEM name="TopLineAddress">00000100</ITEM>
    </PROPERTIES>
   </POPUP>
   <POPUP w="16" x="648" flags="0000000a" y="760" h="8" pid="13" iid="21">
    <PROPERTIES>
     <ITEM name="DataType">2</ITEM>
     <ITEM name="DispChars">Yes</ITEM>
     <ITEM name="DispFormat">2</ITEM>
     <ITEM name="ShowChanges">Yes</ITEM>
     <ITEM name="ShowToolTips">Yes</ITEM>
     <ITEM name="TopLineAddress">00000020</ITEM>
    </PROPERTIES>
   </POPUP>
   <POPUP w="450" x="694" flags="00000022" y="39" h="250" pid="0" iid="18">
    <PROPERTIES>
     <ITEM name="AutoEcho">0</ITEM>
     <ITEM name="HexMode">0</ITEM>
    </PROPERTIES>
   </POPUP>
   <POPUP w="450" x="48" flags="00000022" y="160" h="250" pid="0" iid="8">
    <PROPERTIES>
     <ITEM name="AutoEcho">0</ITEM>
     <ITEM name="HexMode">0</ITEM>
    </PROPERTIES>
   </POPUP>
   <POPUP w="480" x="51" flags="00000023" y="700" h="250" pid="0" iid="9">
    <PROPERTIES>
     <ITEM name="AutoEcho">0</ITEM>
     <ITEM name="HexMode">0</ITEM>
    </PROPERTIES>
   </POPUP>
   <POPUP w="830" x="-273" flags="00008023" y="447" h="250" pid="0" iid="10">
    <PROPERTIES>
     <ITEM name="AutoEcho">0</ITEM>
     <ITEM name="HexMode">0</ITEM>
    </PROPERTIES>
   </POPUP>
   <POPUP w="730" x="1113" flags="00000023" y="482" h="605" pid="0" iid="11">
    <PROPERTIES>
     <ITEM name="AutoEcho">1</ITEM>
     <ITEM name="HexMode">0</ITEM>
    </PROPERTIES>
   </POPUP>
   <POPUP w="712" x="1145" flags="00000023" y="502" h="502" pid="0" iid="16">
    <PROPERTIES>
     <ITEM name="AutoEcho">1</ITEM>
     <ITEM name="HexMode">0</ITEM>
    </PROPERTIES>
   </POPUP>
   <POPUP w="30" x="88" flags="00000008" y="200" h="16" pid="3" iid="12">
    <PROPERTIES/>
   </POPUP>
   <POPUP w="8" x="108" flags="0000000a" y="220" h="1" pid="10" iid="12">
    <PROPERTIES>
     <ITEM name="DataType">2</ITEM>
     <ITEM name="DispChars">Yes</ITEM>
     <ITEM name="DispFormat">2</ITEM>
     <ITEM name="ShowChanges">Yes</ITEM>
     <ITEM name="ShowToolTips">Yes</ITEM>
     <ITEM name="TopLineAddress">00000000</ITEM>
    </PROPERTIES>
   </POPUP>
   <POPUP w="8" x="128" flags="0000000a" y="240" h="32" pid="6" iid="12">
    <PROPERTIES>
     <ITEM name="DataType">2</ITEM>
     <ITEM name="DispChars">Yes</ITEM>
     <ITEM name="DispFormat">2</ITEM>
     <ITEM name="ShowChanges">Yes</ITEM>
     <ITEM name="ShowToolTips">Yes</ITEM>
     <ITEM name="TopLineAddress">00000000</ITEM>
    </PROPERTIES>
   </POPUP>
   <POPUP w="16" x="148" flags="0000000a" y="260" h="32" pid="7" iid="12">
    <PROPERTIES>
     <ITEM name="DataType">2</ITEM>
     <ITEM name="DispChars">Yes</ITEM>
     <ITEM name="DispFormat">2</ITEM>
     <ITEM name="ShowChanges">Yes</ITEM>
     <ITEM name="ShowToolTips">Yes</ITEM>
     <ITEM name="TopLineAddress">00000000</ITEM>
    </PROPERTIES>
   </POPUP>
   <POPUP w="16" x="168" flags="00000000" y="280" h="32" pid="14" iid="12">
    <PROPERTIES>
     <ITEM name="DataType">2</ITEM>
     <ITEM name="DispChars">Yes</ITEM>
     <ITEM name="DispFormat">2</ITEM>
     <ITEM name="ShowChanges">Yes</ITEM>
     <ITEM name="ShowToolTips">Yes</ITEM>
     <ITEM name="TopLineAddress">00000000</ITEM>
    </PROPERTIES>
   </POPUP>
   <POPUP w="16" x="188" flags="0000000a" y="300" h="32" pid="4" iid="12">
    <PROPERTIES>
     <ITEM name="DataType">2</ITEM>
     <ITEM name="DispChars">Yes</ITEM>
     <ITEM name="DispFormat">2</ITEM>
     <ITEM name="ShowChanges">Yes</ITEM>
     <ITEM name="ShowToolTips">Yes</ITEM>
     <ITEM name="TopLineAddress">00000200</ITEM>
    </PROPERTIES>
   </POPUP>
   <POPUP w="16" x="208" flags="0000000a" y="320" h="8" pid="13" iid="12">
    <PROPERTIES>
     <ITEM name="DataType">2</ITEM>
     <ITEM name="DispChars">Yes</ITEM>
     <ITEM name="DispFormat">2</ITEM>
     <ITEM name="ShowChanges">Yes</ITEM>
     <ITEM name="ShowToolTips">Yes</ITEM>
     <ITEM name="TopLineAddress">00000020</ITEM>
    </PROPERTIES>
   </POPUP>
  </PWI>
 </MODULE>
</WORKSPACE>
